[
    {
        "name": "asgdh",
        "surname": "dsjks",
        "age": "25"
    },
    {
        "name": "asgdh",
        "surname": "dsjks",
        "age": "25"
    },
    {
        "name": "asgdh",
        "surname": "dsjks",
        "age": "25"
    },
    {
        "name": "asgdh",
        "surname": "dsjks",
        "age": "25"
    },
    {
        "name": "asgdh",
        "surname": "dsjks",
        "age": "25"
    },
    {
        "name": "asgdh",
        "surname": "dsjks",
        "age": "25"
    },
    {
        "name": "asgdh",
        "surname": "dsjks",
        "age": "25"
    }
]